[{"model": "admin.logentry", "pk": 1, "fields": {"action_time": "2023-05-18T06:46:56.159Z", "user": 1, "content_type": 21, "object_id": "01H0PSS4WD9STZSZ74K9H1SZC8", "object_repr": "ベルク", "action_flag": 1, "change_message": "[{\"added\": {}}, {\"added\": {\"name\": \"\\u652f\\u5e97\", \"object\": \"\\u30d9\\u30eb\\u30af | \\u30d9\\u30b9\\u30bf\\u72ed\\u5c71\\u5e97\"}}, {\"added\": {\"name\": \"\\u30ab\\u30c6\\u30b4\\u30ea\\u30fc\", \"object\": \"\\u30d9\\u30eb\\u30af | \\u30d9\\u30b9\\u30bf\\u72ed\\u5c71\\u5e97 | \\u7f36\\u30c1\\u30e5\\u30fc\\u30cf\\u30a4\\uff0f\\u30d3\\u30fc\\u30eb\"}}, {\"added\": {\"name\": \"\\u30ab\\u30c6\\u30b4\\u30ea\\u30fc\", \"object\": \"\\u30d9\\u30eb\\u30af | \\u30d9\\u30b9\\u30bf\\u72ed\\u5c71\\u5e97 | \\u30ab\\u30ec\\u30fc\\uff0f\\u30b7\\u30c1\\u30e5\\u30fc\\uff0f\\u30b9\\u30d1\\u30a4\\u30b9\"}}, {\"added\": {\"name\": \"\\u30ab\\u30c6\\u30b4\\u30ea\\u30fc\", \"object\": \"\\u30d9\\u30eb\\u30af | \\u30d9\\u30b9\\u30bf\\u72ed\\u5c71\\u5e97 | \\u30ad\\u30e3\\u30f3\\u30c7\\u30a3\\u30fc\\uff0f\\u30d3\\u30b9\\u30b1\\u30c3\\u30c8\\uff0f\\u713c\\u83d3\\u5b50\"}}, {\"added\": {\"name\": \"\\u30ab\\u30c6\\u30b4\\u30ea\\u30fc\", \"object\": \"\\u30d9\\u30eb\\u30af | \\u30d9\\u30b9\\u30bf\\u72ed\\u5c71\\u5e97 | \\u99c4\\u83d3\\u5b50\\uff0f\\u30ac\\u30e0\\uff0f\\u30b0\\u30df\\uff0f\\u30c1\\u30e7\\u30b3\"}}, {\"added\": {\"name\": \"\\u30ab\\u30c6\\u30b4\\u30ea\\u30fc\", \"object\": \"\\u30d9\\u30eb\\u30af | \\u30d9\\u30b9\\u30bf\\u72ed\\u5c71\\u5e97 | \\u4e73\\u88fd\\u54c1\"}}, {\"added\": {\"name\": \"\\u30ab\\u30c6\\u30b4\\u30ea\\u30fc\", \"object\": \"\\u30d9\\u30eb\\u30af | \\u30d9\\u30b9\\u30bf\\u72ed\\u5c71\\u5e97 | \\u51b7\\u51cd\\u98df\\u54c1\"}}]"}}, {"model": "admin.logentry", "pk": 2, "fields": {"action_time": "2023-05-18T06:54:05.331Z", "user": 1, "content_type": 18, "object_id": "01H0PT680FJBBJ864GFW3TKFW3", "object_repr": "Shelf object (01H0PT680FJBBJ864GFW3TKFW3)", "action_flag": 1, "change_message": "[{\"added\": {}}]"}}, {"model": "admin.logentry", "pk": 3, "fields": {"action_time": "2023-05-18T06:57:46.238Z", "user": 1, "content_type": 12, "object_id": "01H0PTCZQT1V56009Y77NBBSG0", "object_repr": "BE25", "action_flag": 1, "change_message": "[{\"added\": {}}, {\"added\": {\"name\": \"\\u8abf\\u67fb\\u671f\\u9593\", \"object\": \"Research object (01H0PTCZQH0BND4HWWKSG4DYCY)\"}}]"}}, {"model": "admin.logentry", "pk": 4, "fields": {"action_time": "2023-05-18T06:59:27.872Z", "user": 1, "content_type": 15, "object_id": "1", "object_repr": "キリンビール", "action_flag": 1, "change_message": "[{\"added\": {}}]"}}, {"model": "admin.logentry", "pk": 5, "fields": {"action_time": "2023-05-18T07:00:05.391Z", "user": 1, "content_type": 16, "object_id": "1", "object_repr": "ビール", "action_flag": 1, "change_message": "[{\"added\": {}}]"}}, {"model": "admin.logentry", "pk": 6, "fields": {"action_time": "2023-05-18T07:02:40.850Z", "user": 1, "content_type": 17, "object_id": "4901411083544", "object_repr": "本麒麟_500ml", "action_flag": 1, "change_message": "[{\"added\": {}}]"}}, {"model": "admin.logentry", "pk": 7, "fields": {"action_time": "2023-05-18T07:03:08.479Z", "user": 1, "content_type": 17, "object_id": "4901411011561", "object_repr": "のどごし生_500ml", "action_flag": 1, "change_message": "[{\"added\": {}}]"}}, {"model": "admin.logentry", "pk": 8, "fields": {"action_time": "2023-05-18T07:03:23.889Z", "user": 1, "content_type": 15, "object_id": "2", "object_repr": "アサヒビール", "action_flag": 1, "change_message": "[{\"added\": {}}]"}}, {"model": "admin.logentry", "pk": 9, "fields": {"action_time": "2023-05-18T07:03:42.469Z", "user": 1, "content_type": 17, "object_id": "4901004008176", "object_repr": "クリアアサヒ_500ml", "action_flag": 1, "change_message": "[{\"added\": {}}]"}}, {"model": "admin.logentry", "pk": 10, "fields": {"action_time": "2023-05-18T07:08:22.859Z", "user": 1, "content_type": 15, "object_id": "3", "object_repr": "サントリー", "action_flag": 1, "change_message": "[{\"added\": {}}]"}}, {"model": "admin.logentry", "pk": 11, "fields": {"action_time": "2023-05-18T07:08:40.527Z", "user": 1, "content_type": 17, "object_id": "4901777374294", "object_repr": "パーフェクトサントリービール_500ml", "action_flag": 1, "change_message": "[{\"added\": {}}]"}}, {"model": "admin.logentry", "pk": 12, "fields": {"action_time": "2023-05-18T07:09:06.363Z", "user": 1, "content_type": 15, "object_id": "4", "object_repr": "サッポロビール", "action_flag": 1, "change_message": "[{\"added\": {}}]"}}, {"model": "admin.logentry", "pk": 13, "fields": {"action_time": "2023-05-18T07:09:11.200Z", "user": 1, "content_type": 17, "object_id": "4901880851446", "object_repr": "黒ラベル_500ml", "action_flag": 1, "change_message": "[{\"added\": {}}]"}}, {"model": "admin.logentry", "pk": 14, "fields": {"action_time": "2023-05-18T08:05:15.741Z", "user": 1, "content_type": 17, "object_id": "4901004006813", "object_repr": "スーパードライ_500ml", "action_flag": 1, "change_message": "[{\"added\": {}}]"}}, {"model": "admin.logentry", "pk": 15, "fields": {"action_time": "2023-05-18T08:05:42.518Z", "user": 1, "content_type": 17, "object_id": "4901411175317", "object_repr": "一番搾り_500ml", "action_flag": 1, "change_message": "[{\"added\": {}}]"}}, {"model": "auth.permission", "pk": 1, "fields": {"name": "Can add log entry", "content_type": 1, "codename": "add_logentry"}}, {"model": "auth.permission", "pk": 2, "fields": {"name": "Can change log entry", "content_type": 1, "codename": "change_logentry"}}, {"model": "auth.permission", "pk": 3, "fields": {"name": "Can delete log entry", "content_type": 1, "codename": "delete_logentry"}}, {"model": "auth.permission", "pk": 4, "fields": {"name": "Can view log entry", "content_type": 1, "codename": "view_logentry"}}, {"model": "auth.permission", "pk": 5, "fields": {"name": "Can add permission", "content_type": 2, "codename": "add_permission"}}, {"model": "auth.permission", "pk": 6, "fields": {"name": "Can change permission", "content_type": 2, "codename": "change_permission"}}, {"model": "auth.permission", "pk": 7, "fields": {"name": "Can delete permission", "content_type": 2, "codename": "delete_permission"}}, {"model": "auth.permission", "pk": 8, "fields": {"name": "Can view permission", "content_type": 2, "codename": "view_permission"}}, {"model": "auth.permission", "pk": 9, "fields": {"name": "Can add group", "content_type": 3, "codename": "add_group"}}, {"model": "auth.permission", "pk": 10, "fields": {"name": "Can change group", "content_type": 3, "codename": "change_group"}}, {"model": "auth.permission", "pk": 11, "fields": {"name": "Can delete group", "content_type": 3, "codename": "delete_group"}}, {"model": "auth.permission", "pk": 12, "fields": {"name": "Can view group", "content_type": 3, "codename": "view_group"}}, {"model": "auth.permission", "pk": 13, "fields": {"name": "Can add content type", "content_type": 4, "codename": "add_contenttype"}}, {"model": "auth.permission", "pk": 14, "fields": {"name": "Can change content type", "content_type": 4, "codename": "change_contenttype"}}, {"model": "auth.permission", "pk": 15, "fields": {"name": "Can delete content type", "content_type": 4, "codename": "delete_contenttype"}}, {"model": "auth.permission", "pk": 16, "fields": {"name": "Can view content type", "content_type": 4, "codename": "view_contenttype"}}, {"model": "auth.permission", "pk": 17, "fields": {"name": "Can add session", "content_type": 5, "codename": "add_session"}}, {"model": "auth.permission", "pk": 18, "fields": {"name": "Can change session", "content_type": 5, "codename": "change_session"}}, {"model": "auth.permission", "pk": 19, "fields": {"name": "Can delete session", "content_type": 5, "codename": "delete_session"}}, {"model": "auth.permission", "pk": 20, "fields": {"name": "Can view session", "content_type": 5, "codename": "view_session"}}, {"model": "auth.permission", "pk": 21, "fields": {"name": "Can add システム管理グループ", "content_type": 6, "codename": "add_admingroup"}}, {"model": "auth.permission", "pk": 22, "fields": {"name": "Can change システム管理グループ", "content_type": 6, "codename": "change_admingroup"}}, {"model": "auth.permission", "pk": 23, "fields": {"name": "Can delete システム管理グループ", "content_type": 6, "codename": "delete_admingroup"}}, {"model": "auth.permission", "pk": 24, "fields": {"name": "Can view システム管理グループ", "content_type": 6, "codename": "view_admingroup"}}, {"model": "auth.permission", "pk": 25, "fields": {"name": "Can add システム権限", "content_type": 7, "codename": "add_adminpermission"}}, {"model": "auth.permission", "pk": 26, "fields": {"name": "Can change システム権限", "content_type": 7, "codename": "change_adminpermission"}}, {"model": "auth.permission", "pk": 27, "fields": {"name": "Can delete システム権限", "content_type": 7, "codename": "delete_adminpermission"}}, {"model": "auth.permission", "pk": 28, "fields": {"name": "Can view システム権限", "content_type": 7, "codename": "view_adminpermission"}}, {"model": "auth.permission", "pk": 29, "fields": {"name": "Can add システム管理者", "content_type": 8, "codename": "add_adminuser"}}, {"model": "auth.permission", "pk": 30, "fields": {"name": "Can change システム管理者", "content_type": 8, "codename": "change_adminuser"}}, {"model": "auth.permission", "pk": 31, "fields": {"name": "Can delete システム管理者", "content_type": 8, "codename": "delete_adminuser"}}, {"model": "auth.permission", "pk": 32, "fields": {"name": "Can view システム管理者", "content_type": 8, "codename": "view_adminuser"}}, {"model": "auth.permission", "pk": 33, "fields": {"name": "Can add クライアントグループ", "content_type": 9, "codename": "add_clientgroup"}}, {"model": "auth.permission", "pk": 34, "fields": {"name": "Can change クライアントグループ", "content_type": 9, "codename": "change_clientgroup"}}, {"model": "auth.permission", "pk": 35, "fields": {"name": "Can delete クライアントグループ", "content_type": 9, "codename": "delete_clientgroup"}}, {"model": "auth.permission", "pk": 36, "fields": {"name": "Can view クライアントグループ", "content_type": 9, "codename": "view_clientgroup"}}, {"model": "auth.permission", "pk": 37, "fields": {"name": "Can add クライアントユーザー", "content_type": 10, "codename": "add_clientuser"}}, {"model": "auth.permission", "pk": 38, "fields": {"name": "Can change クライアントユーザー", "content_type": 10, "codename": "change_clientuser"}}, {"model": "auth.permission", "pk": 39, "fields": {"name": "Can delete クライアントユーザー", "content_type": 10, "codename": "delete_clientuser"}}, {"model": "auth.permission", "pk": 40, "fields": {"name": "Can view クライアントユーザー", "content_type": 10, "codename": "view_clientuser"}}, {"model": "auth.permission", "pk": 41, "fields": {"name": "Can add client group permission", "content_type": 11, "codename": "add_clientgrouppermission"}}, {"model": "auth.permission", "pk": 42, "fields": {"name": "Can change client group permission", "content_type": 11, "codename": "change_clientgrouppermission"}}, {"model": "auth.permission", "pk": 43, "fields": {"name": "Can delete client group permission", "content_type": 11, "codename": "delete_clientgrouppermission"}}, {"model": "auth.permission", "pk": 44, "fields": {"name": "Can view client group permission", "content_type": 11, "codename": "view_clientgrouppermission"}}, {"model": "auth.permission", "pk": 45, "fields": {"name": "Can add プロジェクト", "content_type": 12, "codename": "add_project"}}, {"model": "auth.permission", "pk": 46, "fields": {"name": "Can change プロジェクト", "content_type": 12, "codename": "change_project"}}, {"model": "auth.permission", "pk": 47, "fields": {"name": "Can delete プロジェクト", "content_type": 12, "codename": "delete_project"}}, {"model": "auth.permission", "pk": 48, "fields": {"name": "Can view プロジェクト", "content_type": 12, "codename": "view_project"}}, {"model": "auth.permission", "pk": 49, "fields": {"name": "Can add 調査期間", "content_type": 13, "codename": "add_research"}}, {"model": "auth.permission", "pk": 50, "fields": {"name": "Can change 調査期間", "content_type": 13, "codename": "change_research"}}, {"model": "auth.permission", "pk": 51, "fields": {"name": "Can delete 調査期間", "content_type": 13, "codename": "delete_research"}}, {"model": "auth.permission", "pk": 52, "fields": {"name": "Can view 調査期間", "content_type": 13, "codename": "view_research"}}, {"model": "auth.permission", "pk": 53, "fields": {"name": "Can add プロジェクト固有顧客属性", "content_type": 14, "codename": "add_projectcustomerattr"}}, {"model": "auth.permission", "pk": 54, "fields": {"name": "Can change プロジェクト固有顧客属性", "content_type": 14, "codename": "change_projectcustomerattr"}}, {"model": "auth.permission", "pk": 55, "fields": {"name": "Can delete プロジェクト固有顧客属性", "content_type": 14, "codename": "delete_projectcustomerattr"}}, {"model": "auth.permission", "pk": 56, "fields": {"name": "Can view プロジェクト固有顧客属性", "content_type": 14, "codename": "view_projectcustomerattr"}}, {"model": "auth.permission", "pk": 57, "fields": {"name": "Can add 商品メーカー", "content_type": 15, "codename": "add_productmaker"}}, {"model": "auth.permission", "pk": 58, "fields": {"name": "Can change 商品メーカー", "content_type": 15, "codename": "change_productmaker"}}, {"model": "auth.permission", "pk": 59, "fields": {"name": "Can delete 商品メーカー", "content_type": 15, "codename": "delete_productmaker"}}, {"model": "auth.permission", "pk": 60, "fields": {"name": "Can view 商品メーカー", "content_type": 15, "codename": "view_productmaker"}}, {"model": "auth.permission", "pk": 61, "fields": {"name": "Can add 商品カテゴリー", "content_type": 16, "codename": "add_productcategory"}}, {"model": "auth.permission", "pk": 62, "fields": {"name": "Can change 商品カテゴリー", "content_type": 16, "codename": "change_productcategory"}}, {"model": "auth.permission", "pk": 63, "fields": {"name": "Can delete 商品カテゴリー", "content_type": 16, "codename": "delete_productcategory"}}, {"model": "auth.permission", "pk": 64, "fields": {"name": "Can view 商品カテゴリー", "content_type": 16, "codename": "view_productcategory"}}, {"model": "auth.permission", "pk": 65, "fields": {"name": "Can add 商品", "content_type": 17, "codename": "add_product"}}, {"model": "auth.permission", "pk": 66, "fields": {"name": "Can change 商品", "content_type": 17, "codename": "change_product"}}, {"model": "auth.permission", "pk": 67, "fields": {"name": "Can delete 商品", "content_type": 17, "codename": "delete_product"}}, {"model": "auth.permission", "pk": 68, "fields": {"name": "Can view 商品", "content_type": 17, "codename": "view_product"}}, {"model": "auth.permission", "pk": 69, "fields": {"name": "Can add 棚割", "content_type": 18, "codename": "add_shelf"}}, {"model": "auth.permission", "pk": 70, "fields": {"name": "Can change 棚割", "content_type": 18, "codename": "change_shelf"}}, {"model": "auth.permission", "pk": 71, "fields": {"name": "Can delete 棚割", "content_type": 18, "codename": "delete_shelf"}}, {"model": "auth.permission", "pk": 72, "fields": {"name": "Can view 棚割", "content_type": 18, "codename": "view_shelf"}}, {"model": "auth.permission", "pk": 73, "fields": {"name": "Can add エリア", "content_type": 19, "codename": "add_shelfarea"}}, {"model": "auth.permission", "pk": 74, "fields": {"name": "Can change エリア", "content_type": 19, "codename": "change_shelfarea"}}, {"model": "auth.permission", "pk": 75, "fields": {"name": "Can delete エリア", "content_type": 19, "codename": "delete_shelfarea"}}, {"model": "auth.permission", "pk": 76, "fields": {"name": "Can view エリア", "content_type": 19, "codename": "view_shelfarea"}}, {"model": "auth.permission", "pk": 77, "fields": {"name": "Can add 商品配置", "content_type": 20, "codename": "add_shelfproductalloc"}}, {"model": "auth.permission", "pk": 78, "fields": {"name": "Can change 商品配置", "content_type": 20, "codename": "change_shelfproductalloc"}}, {"model": "auth.permission", "pk": 79, "fields": {"name": "Can delete 商品配置", "content_type": 20, "codename": "delete_shelfproductalloc"}}, {"model": "auth.permission", "pk": 80, "fields": {"name": "Can view 商品配置", "content_type": 20, "codename": "view_shelfproductalloc"}}, {"model": "auth.permission", "pk": 81, "fields": {"name": "Can add 店舗", "content_type": 21, "codename": "add_store"}}, {"model": "auth.permission", "pk": 82, "fields": {"name": "Can change 店舗", "content_type": 21, "codename": "change_store"}}, {"model": "auth.permission", "pk": 83, "fields": {"name": "Can delete 店舗", "content_type": 21, "codename": "delete_store"}}, {"model": "auth.permission", "pk": 84, "fields": {"name": "Can view 店舗", "content_type": 21, "codename": "view_store"}}, {"model": "auth.permission", "pk": 85, "fields": {"name": "Can add 支店", "content_type": 22, "codename": "add_storebranch"}}, {"model": "auth.permission", "pk": 86, "fields": {"name": "Can change 支店", "content_type": 22, "codename": "change_storebranch"}}, {"model": "auth.permission", "pk": 87, "fields": {"name": "Can delete 支店", "content_type": 22, "codename": "delete_storebranch"}}, {"model": "auth.permission", "pk": 88, "fields": {"name": "Can view 支店", "content_type": 22, "codename": "view_storebranch"}}, {"model": "auth.permission", "pk": 89, "fields": {"name": "Can add エリア矩形", "content_type": 23, "codename": "add_shelfarearect"}}, {"model": "auth.permission", "pk": 90, "fields": {"name": "Can change エリア矩形", "content_type": 23, "codename": "change_shelfarearect"}}, {"model": "auth.permission", "pk": 91, "fields": {"name": "Can delete エリア矩形", "content_type": 23, "codename": "delete_shelfarearect"}}, {"model": "auth.permission", "pk": 92, "fields": {"name": "Can view エリア矩形", "content_type": 23, "codename": "view_shelfarearect"}}, {"model": "auth.permission", "pk": 93, "fields": {"name": "Can add カテゴリー", "content_type": 24, "codename": "add_storecategory"}}, {"model": "auth.permission", "pk": 94, "fields": {"name": "Can change カテゴリー", "content_type": 24, "codename": "change_storecategory"}}, {"model": "auth.permission", "pk": 95, "fields": {"name": "Can delete カテゴリー", "content_type": 24, "codename": "delete_storecategory"}}, {"model": "auth.permission", "pk": 96, "fields": {"name": "Can view カテゴリー", "content_type": 24, "codename": "view_storecategory"}}, {"model": "auth.permission", "pk": 97, "fields": {"name": "Can add 商品配置矩形", "content_type": 25, "codename": "add_shelfproductallocrect"}}, {"model": "auth.permission", "pk": 98, "fields": {"name": "Can change 商品配置矩形", "content_type": 25, "codename": "change_shelfproductallocrect"}}, {"model": "auth.permission", "pk": 99, "fields": {"name": "Can delete 商品配置矩形", "content_type": 25, "codename": "delete_shelfproductallocrect"}}, {"model": "auth.permission", "pk": 100, "fields": {"name": "Can view 商品配置矩形", "content_type": 25, "codename": "view_shelfproductallocrect"}}, {"model": "auth.permission", "pk": 101, "fields": {"name": "Can add 顧客", "content_type": 26, "codename": "add_customer"}}, {"model": "auth.permission", "pk": 102, "fields": {"name": "Can change 顧客", "content_type": 26, "codename": "change_customer"}}, {"model": "auth.permission", "pk": 103, "fields": {"name": "Can delete 顧客", "content_type": 26, "codename": "delete_customer"}}, {"model": "auth.permission", "pk": 104, "fields": {"name": "Can view 顧客", "content_type": 26, "codename": "view_customer"}}, {"model": "auth.permission", "pk": 105, "fields": {"name": "Can add 接触購入イベント", "content_type": 27, "codename": "add_productevent"}}, {"model": "auth.permission", "pk": 106, "fields": {"name": "Can change 接触購入イベント", "content_type": 27, "codename": "change_productevent"}}, {"model": "auth.permission", "pk": 107, "fields": {"name": "Can delete 接触購入イベント", "content_type": 27, "codename": "delete_productevent"}}, {"model": "auth.permission", "pk": 108, "fields": {"name": "Can view 接触購入イベント", "content_type": 27, "codename": "view_productevent"}}, {"model": "auth.permission", "pk": 109, "fields": {"name": "Can add その他イベント", "content_type": 28, "codename": "add_optionalevent"}}, {"model": "auth.permission", "pk": 110, "fields": {"name": "Can change その他イベント", "content_type": 28, "codename": "change_optionalevent"}}, {"model": "auth.permission", "pk": 111, "fields": {"name": "Can delete その他イベント", "content_type": 28, "codename": "delete_optionalevent"}}, {"model": "auth.permission", "pk": 112, "fields": {"name": "Can view その他イベント", "content_type": 28, "codename": "view_optionalevent"}}, {"model": "auth.permission", "pk": 113, "fields": {"name": "Can add フレームイベント", "content_type": 29, "codename": "add_frameevent"}}, {"model": "auth.permission", "pk": 114, "fields": {"name": "Can change フレームイベント", "content_type": 29, "codename": "change_frameevent"}}, {"model": "auth.permission", "pk": 115, "fields": {"name": "Can delete フレームイベント", "content_type": 29, "codename": "delete_frameevent"}}, {"model": "auth.permission", "pk": 116, "fields": {"name": "Can view フレームイベント", "content_type": 29, "codename": "view_frameevent"}}, {"model": "auth.permission", "pk": 117, "fields": {"name": "Can add 顧客オプション属性", "content_type": 30, "codename": "add_customerattr"}}, {"model": "auth.permission", "pk": 118, "fields": {"name": "Can change 顧客オプション属性", "content_type": 30, "codename": "change_customerattr"}}, {"model": "auth.permission", "pk": 119, "fields": {"name": "Can delete 顧客オプション属性", "content_type": 30, "codename": "delete_customerattr"}}, {"model": "auth.permission", "pk": 120, "fields": {"name": "Can view 顧客オプション属性", "content_type": 30, "codename": "view_customerattr"}}, {"model": "auth.permission", "pk": 121, "fields": {"name": "Can add エリアイベント", "content_type": 31, "codename": "add_areaevent"}}, {"model": "auth.permission", "pk": 122, "fields": {"name": "Can change エリアイベント", "content_type": 31, "codename": "change_areaevent"}}, {"model": "auth.permission", "pk": 123, "fields": {"name": "Can delete エリアイベント", "content_type": 31, "codename": "delete_areaevent"}}, {"model": "auth.permission", "pk": 124, "fields": {"name": "Can view エリアイベント", "content_type": 31, "codename": "view_areaevent"}}, {"model": "auth.group", "pk": 1, "fields": {"name": "システム 読込", "permissions": []}}, {"model": "auth.group", "pk": 2, "fields": {"name": "システム 変更", "permissions": []}}, {"model": "auth.group", "pk": 3, "fields": {"name": "システム 削除", "permissions": []}}, {"model": "auth.group", "pk": 4, "fields": {"name": "システム", "permissions": []}}, {"model": "auth.group", "pk": 5, "fields": {"name": "クライアント 読込", "permissions": []}}, {"model": "auth.group", "pk": 6, "fields": {"name": "クライアント 変更", "permissions": []}}, {"model": "auth.group", "pk": 7, "fields": {"name": "クライアント 削除", "permissions": []}}, {"model": "auth.group", "pk": 8, "fields": {"name": "クライアント", "permissions": []}}, {"model": "auth.group", "pk": 9, "fields": {"name": "調査 読込", "permissions": []}}, {"model": "auth.group", "pk": 10, "fields": {"name": "調査 変更", "permissions": []}}, {"model": "auth.group", "pk": 11, "fields": {"name": "調査 削除", "permissions": []}}, {"model": "auth.group", "pk": 12, "fields": {"name": "調査", "permissions": []}}, {"model": "auth.group", "pk": 13, "fields": {"name": "商品 読込", "permissions": []}}, {"model": "auth.group", "pk": 14, "fields": {"name": "商品 変更", "permissions": []}}, {"model": "auth.group", "pk": 15, "fields": {"name": "商品 削除", "permissions": []}}, {"model": "auth.group", "pk": 16, "fields": {"name": "商品", "permissions": []}}, {"model": "auth.group", "pk": 17, "fields": {"name": "店舗 読込", "permissions": []}}, {"model": "auth.group", "pk": 18, "fields": {"name": "店舗 変更", "permissions": []}}, {"model": "auth.group", "pk": 19, "fields": {"name": "店舗 削除", "permissions": []}}, {"model": "auth.group", "pk": 20, "fields": {"name": "店舗", "permissions": []}}, {"model": "auth.group", "pk": 21, "fields": {"name": "イベント 読込", "permissions": []}}, {"model": "auth.group", "pk": 22, "fields": {"name": "イベント 削除", "permissions": []}}, {"model": "contenttypes.contenttype", "pk": 1, "fields": {"app_label": "admin", "model": "logentry"}}, {"model": "contenttypes.contenttype", "pk": 2, "fields": {"app_label": "auth", "model": "permission"}}, {"model": "contenttypes.contenttype", "pk": 3, "fields": {"app_label": "auth", "model": "group"}}, {"model": "contenttypes.contenttype", "pk": 4, "fields": {"app_label": "contenttypes", "model": "contenttype"}}, {"model": "contenttypes.contenttype", "pk": 5, "fields": {"app_label": "sessions", "model": "session"}}, {"model": "contenttypes.contenttype", "pk": 6, "fields": {"app_label": "systems", "model": "admingroup"}}, {"model": "contenttypes.contenttype", "pk": 7, "fields": {"app_label": "systems", "model": "adminpermission"}}, {"model": "contenttypes.contenttype", "pk": 8, "fields": {"app_label": "systems", "model": "adminuser"}}, {"model": "contenttypes.contenttype", "pk": 9, "fields": {"app_label": "clients", "model": "clientgroup"}}, {"model": "contenttypes.contenttype", "pk": 10, "fields": {"app_label": "clients", "model": "clientuser"}}, {"model": "contenttypes.contenttype", "pk": 11, "fields": {"app_label": "clients", "model": "clientgrouppermission"}}, {"model": "contenttypes.contenttype", "pk": 12, "fields": {"app_label": "researches", "model": "project"}}, {"model": "contenttypes.contenttype", "pk": 13, "fields": {"app_label": "researches", "model": "research"}}, {"model": "contenttypes.contenttype", "pk": 14, "fields": {"app_label": "researches", "model": "projectcustomerattr"}}, {"model": "contenttypes.contenttype", "pk": 15, "fields": {"app_label": "products", "model": "productmaker"}}, {"model": "contenttypes.contenttype", "pk": 16, "fields": {"app_label": "products", "model": "productcategory"}}, {"model": "contenttypes.contenttype", "pk": 17, "fields": {"app_label": "products", "model": "product"}}, {"model": "contenttypes.contenttype", "pk": 18, "fields": {"app_label": "stores", "model": "shelf"}}, {"model": "contenttypes.contenttype", "pk": 19, "fields": {"app_label": "stores", "model": "shelfarea"}}, {"model": "contenttypes.contenttype", "pk": 20, "fields": {"app_label": "stores", "model": "shelfproductalloc"}}, {"model": "contenttypes.contenttype", "pk": 21, "fields": {"app_label": "stores", "model": "store"}}, {"model": "contenttypes.contenttype", "pk": 22, "fields": {"app_label": "stores", "model": "storebranch"}}, {"model": "contenttypes.contenttype", "pk": 23, "fields": {"app_label": "stores", "model": "shelfarearect"}}, {"model": "contenttypes.contenttype", "pk": 24, "fields": {"app_label": "stores", "model": "storecategory"}}, {"model": "contenttypes.contenttype", "pk": 25, "fields": {"app_label": "stores", "model": "shelfproductallocrect"}}, {"model": "contenttypes.contenttype", "pk": 26, "fields": {"app_label": "events", "model": "customer"}}, {"model": "contenttypes.contenttype", "pk": 27, "fields": {"app_label": "events", "model": "productevent"}}, {"model": "contenttypes.contenttype", "pk": 28, "fields": {"app_label": "events", "model": "optionalevent"}}, {"model": "contenttypes.contenttype", "pk": 29, "fields": {"app_label": "events", "model": "frameevent"}}, {"model": "contenttypes.contenttype", "pk": 30, "fields": {"app_label": "events", "model": "customerattr"}}, {"model": "contenttypes.contenttype", "pk": 31, "fields": {"app_label": "events", "model": "areaevent"}}, {"model": "sessions.session", "pk": "1tq46005kj8vm2lt18fwqqw060io8art", "fields": {"session_data": ".eJxVjEEOwiAQRe_C2hCgQMCle89AhplBqgaS0q6Md9cmXej2v_f-SyTY1pq2wUuaSZyFFqffLQM-uO2A7tBuXWJv6zJnuSvyoENeO_Hzcrh_BxVG_daekLQi5UrJhjVmYogYIhkXpik4jeSLjUGzwazIOl8QPVhjSyRllHh_AAwzOIs:1q4dZR:6eFfX7mFBm0Stl_j7sGX3Bsz__2_-nMRE06Ycyre7tk", "expire_date": "2023-06-15T08:22:09.922Z"}}, {"model": "sessions.session", "pk": "a2aotwzj53cojmahttga7mc1by0qaslw", "fields": {"session_data": ".eJxVjEEOwiAQRe_C2hCgQMCle89AhplBqgaS0q6Md9cmXej2v_f-SyTY1pq2wUuaSZyFFqffLQM-uO2A7tBuXWJv6zJnuSvyoENeO_Hzcrh_BxVG_daekLQi5UrJhjVmYogYIhkXpik4jeSLjUGzwazIOl8QPVhjSyRllHh_AAwzOIs:1pzXME:fAKEz5JqSXGgPLQrC60TIHerprub3t5lWHh6rkdaiZc", "expire_date": "2023-06-01T06:43:26.611Z"}}, {"model": "systems.adminuser", "pk": 1, "fields": {"last_login": "2023-06-01T08:22:09.892Z", "is_superuser": true, "created_at": "2023-05-18T06:42:29.815Z", "updated_at": "2023-05-18T06:42:29.815Z", "username": "uchimura_test", "password": "pbkdf2_sha256$600000$Bk6mnHelTYhQtTkWZyutNE$cHXP13a7Z9ZTgkvr2/mYg/ZxACpimpA+N2Jw7ZQnApM=", "is_active": true, "groups": [], "user_permissions": []}}, {"model": "researches.project", "pk": "01H0PTCZQT1V56009Y77NBBSG0", "fields": {"created_at": "2023-05-18T06:57:46.234Z", "updated_at": "2023-05-18T06:57:46.234Z", "name": "BE25", "store_category": "01H0PSS4WBZEDHANGKT2THMHJH"}}, {"model": "researches.research", "pk": "01H0PTCZQH0BND4HWWKSG4DYCY", "fields": {"created_at": "2023-05-18T06:57:46.236Z", "updated_at": "2023-05-18T06:57:46.236Z", "name": "2022年10月", "project": "01H0PTCZQT1V56009Y77NBBSG0", "shelf": "01H0PT680FJBBJ864GFW3TKFW3", "start_date": "2022-10-11", "end_date": "2022-10-24"}}, {"model": "products.productmaker", "pk": 1, "fields": {"created_at": "2023-05-18T06:59:27.866Z", "updated_at": "2023-05-18T06:59:27.866Z", "name": "キリンビール"}}, {"model": "products.productmaker", "pk": 2, "fields": {"created_at": "2023-05-18T07:03:23.886Z", "updated_at": "2023-05-18T07:03:23.886Z", "name": "アサヒビール"}}, {"model": "products.productmaker", "pk": 3, "fields": {"created_at": "2023-05-18T07:08:22.857Z", "updated_at": "2023-05-18T07:08:22.857Z", "name": "サントリー"}}, {"model": "products.productmaker", "pk": 4, "fields": {"created_at": "2023-05-18T07:09:06.360Z", "updated_at": "2023-05-18T07:09:06.360Z", "name": "サッポロビール"}}, {"model": "products.productcategory", "pk": 1, "fields": {"created_at": "2023-05-18T07:00:05.388Z", "updated_at": "2023-05-18T07:00:05.388Z", "name": "ビール", "parent": null, "lft": 1, "rght": 2, "tree_id": 1, "level": 0}}, {"model": "products.product", "pk": "4901004006813", "fields": {"created_at": "2023-05-18T08:05:15.739Z", "updated_at": "2023-05-18T08:05:15.739Z", "name": "スーパードライ_500ml", "maker": 2, "category": 1}}, {"model": "products.product", "pk": "4901004008176", "fields": {"created_at": "2023-05-18T07:03:42.467Z", "updated_at": "2023-05-18T07:03:42.467Z", "name": "クリアアサヒ_500ml", "maker": 2, "category": 1}}, {"model": "products.product", "pk": "4901411011561", "fields": {"created_at": "2023-05-18T07:03:08.478Z", "updated_at": "2023-05-18T07:03:08.478Z", "name": "のどごし生_500ml", "maker": 1, "category": 1}}, {"model": "products.product", "pk": "4901411083544", "fields": {"created_at": "2023-05-18T07:02:40.849Z", "updated_at": "2023-05-18T07:02:40.849Z", "name": "本麒麟_500ml", "maker": 1, "category": 1}}, {"model": "products.product", "pk": "4901411175317", "fields": {"created_at": "2023-05-18T08:05:42.518Z", "updated_at": "2023-05-18T08:05:42.518Z", "name": "一番搾り_500ml", "maker": 1, "category": 1}}, {"model": "products.product", "pk": "4901777374294", "fields": {"created_at": "2023-05-18T07:08:40.526Z", "updated_at": "2023-05-18T07:08:40.526Z", "name": "パーフェクトサントリービール_500ml", "maker": 3, "category": 1}}, {"model": "products.product", "pk": "4901880851446", "fields": {"created_at": "2023-05-18T07:09:11.195Z", "updated_at": "2023-05-18T07:09:11.195Z", "name": "黒ラベル_500ml", "maker": 4, "category": 1}}, {"model": "stores.store", "pk": "01H0PSS4WD9STZSZ74K9H1SZC8", "fields": {"created_at": "2023-05-18T06:46:56.142Z", "updated_at": "2023-05-18T06:46:56.142Z", "name": "ベルク"}}, {"model": "stores.storebranch", "pk": "01H0PSS4WHNFNSNVQS55JGPA9T", "fields": {"created_at": "2023-05-18T06:46:56.145Z", "updated_at": "2023-05-18T06:46:56.145Z", "name": "ベスタ狭山店", "store": "01H0PSS4WD9STZSZ74K9H1SZC8"}}, {"model": "stores.storecategory", "pk": "01H0PSS4WBZEDHANGKT2THMHJH", "fields": {"created_at": "2023-05-18T06:46:56.150Z", "updated_at": "2023-05-18T06:46:56.150Z", "name": "缶チューハイ／ビール", "store_branch": "01H0PSS4WHNFNSNVQS55JGPA9T"}}, {"model": "stores.storecategory", "pk": "01H0PSS4WC1CHT22C5HH51AFP4", "fields": {"created_at": "2023-05-18T06:46:56.155Z", "updated_at": "2023-05-18T06:46:56.155Z", "name": "駄菓子／ガム／グミ／チョコ", "store_branch": "01H0PSS4WHNFNSNVQS55JGPA9T"}}, {"model": "stores.storecategory", "pk": "01H0PSS4WCH2VXP8DTGFRTDQWG", "fields": {"created_at": "2023-05-18T06:46:56.154Z", "updated_at": "2023-05-18T06:46:56.154Z", "name": "キャンディー／ビスケット／焼菓子", "store_branch": "01H0PSS4WHNFNSNVQS55JGPA9T"}}, {"model": "stores.storecategory", "pk": "01H0PSS4WCPQ9TCGX9QQHVEP2F", "fields": {"created_at": "2023-05-18T06:46:56.157Z", "updated_at": "2023-05-18T06:46:56.157Z", "name": "乳製品", "store_branch": "01H0PSS4WHNFNSNVQS55JGPA9T"}}, {"model": "stores.storecategory", "pk": "01H0PSS4WCQWFNC6D8Y35QZH56", "fields": {"created_at": "2023-05-18T06:46:56.158Z", "updated_at": "2023-05-18T06:46:56.158Z", "name": "冷凍食品", "store_branch": "01H0PSS4WHNFNSNVQS55JGPA9T"}}, {"model": "stores.storecategory", "pk": "01H0PSS4WCXTBMFGRXYZ0GR018", "fields": {"created_at": "2023-05-18T06:46:56.153Z", "updated_at": "2023-05-18T06:46:56.153Z", "name": "カレー／シチュー／スパイス", "store_branch": "01H0PSS4WHNFNSNVQS55JGPA9T"}}, {"model": "stores.shelf", "pk": "01H0PT680FJBBJ864GFW3TKFW3", "fields": {"created_at": "2023-05-18T06:54:05.327Z", "updated_at": "2023-06-02T01:29:00.275Z", "store_category": "01H0PSS4WBZEDHANGKT2THMHJH", "start_date": "2022-10-11", "end_date": "2022-10-24", "image": "", "file": "商品リスト432_20221011.xlsx"}}, {"model": "stores.shelfarea", "pk": "01H1V05AFY8T7GVT26JB1Z99H5", "fields": {"created_at": "2023-06-01T08:11:06.110Z", "updated_at": "2023-06-01T08:11:06.110Z", "area_number": 1, "shelf": "01H0PT680FJBBJ864GFW3TKFW3"}}, {"model": "stores.shelfarea", "pk": "01H1V2D7XJFG9DAZ1DSCSWST6A", "fields": {"created_at": "2023-06-01T08:50:22.771Z", "updated_at": "2023-06-01T08:50:22.771Z", "area_number": 2, "shelf": "01H0PT680FJBBJ864GFW3TKFW3"}}, {"model": "stores.shelfarea", "pk": "01H1V3HHC8HHPW0ND1GHDHEJK3", "fields": {"created_at": "2023-06-01T09:10:12.104Z", "updated_at": "2023-06-01T09:10:12.104Z", "area_number": 3, "shelf": "01H0PT680FJBBJ864GFW3TKFW3"}}, {"model": "stores.shelfproductalloc", "pk": "01H1V1AH77TCHP8SH7TFZHPR3B", "fields": {"created_at": "2023-06-01T08:31:25.415Z", "updated_at": "2023-06-01T08:31:25.415Z", "area": null, "shelf": "01H0PT680FJBBJ864GFW3TKFW3", "product": "4901880851446"}}, {"model": "stores.shelfproductalloc", "pk": "01H1V2G9SV8N1SJQ86G5EYZDYD", "fields": {"created_at": "2023-06-01T08:52:03.004Z", "updated_at": "2023-06-01T08:52:03.004Z", "area": null, "shelf": "01H0PT680FJBBJ864GFW3TKFW3", "product": "4901777374294"}}, {"model": "stores.shelfproductalloc", "pk": "01H1V2KJMSN6R2H0463Z5SE1B9", "fields": {"created_at": "2023-06-01T08:53:50.361Z", "updated_at": "2023-06-01T08:53:50.361Z", "area": null, "shelf": "01H0PT680FJBBJ864GFW3TKFW3", "product": "4901411083544"}}, {"model": "stores.shelfproductalloc", "pk": "01H1V2NA9FMQPKE8T38KTS81NN", "fields": {"created_at": "2023-06-01T08:54:47.343Z", "updated_at": "2023-06-01T08:54:47.343Z", "area": null, "shelf": "01H0PT680FJBBJ864GFW3TKFW3", "product": "4901411083544"}}, {"model": "stores.shelfproductalloc", "pk": "01H1V2V34NTY58SMGGZVH7XJX0", "fields": {"created_at": "2023-06-01T08:57:56.629Z", "updated_at": "2023-06-01T08:57:56.629Z", "area": null, "shelf": "01H0PT680FJBBJ864GFW3TKFW3", "product": "4901411083544"}}, {"model": "stores.shelfproductalloc", "pk": "01H1V3KMQ1V5RRMTS6N5N1KCV6", "fields": {"created_at": "2023-06-01T09:11:21.057Z", "updated_at": "2023-06-01T09:11:21.057Z", "area": null, "shelf": "01H0PT680FJBBJ864GFW3TKFW3", "product": "4901004006813"}}, {"model": "stores.shelfproductalloc", "pk": "01H1V4DV1G7VWV8ESAXA8YS1YA", "fields": {"created_at": "2023-06-01T09:25:39.505Z", "updated_at": "2023-06-01T09:25:39.505Z", "area": null, "shelf": "01H0PT680FJBBJ864GFW3TKFW3", "product": "4901411011561"}}, {"model": "stores.shelfproductalloc", "pk": "01H1WSZ10Q2M03FQRSXFHRFEG0", "fields": {"created_at": "2023-06-02T01:01:17.207Z", "updated_at": "2023-06-02T01:01:17.207Z", "area": null, "shelf": "01H0PT680FJBBJ864GFW3TKFW3", "product": "4901411011561"}}, {"model": "stores.shelfproductalloc", "pk": "01H1WT06CWPQBN4P7MXJCNSM52", "fields": {"created_at": "2023-06-02T01:01:55.485Z", "updated_at": "2023-06-02T01:01:55.485Z", "area": null, "shelf": "01H0PT680FJBBJ864GFW3TKFW3", "product": "4901411083544"}}, {"model": "events.customer", "pk": "01H1N3VY207SEDK4PNPM871Q3S", "fields": {"created_at": "2023-05-30T01:20:26.177Z", "gender": 1, "age": 2, "date": "2023-05-09", "research": "01H0PTCZQH0BND4HWWKSG4DYCY"}}, {"model": "events.customer", "pk": "01H1N4DRCD4V02MM0GE9JRRYV4", "fields": {"created_at": "2023-05-30T01:30:10.190Z", "gender": 1, "age": 2, "date": "2022-10-22", "research": "01H0PTCZQH0BND4HWWKSG4DYCY"}}, {"model": "events.customer", "pk": "01H1NHK9QH9WKQH92S6YFSEAEW", "fields": {"created_at": "2023-05-30T05:20:23.284Z", "gender": 1, "age": 2, "date": "2022-10-22", "research": "01H0PTCZQH0BND4HWWKSG4DYCY"}}, {"model": "events.customer", "pk": "01H1QQ5DWSXPC70N4SSAYYESKH", "fields": {"created_at": "2023-05-31T01:36:09.121Z", "gender": 1, "age": 2, "date": "2022-10-22", "research": "01H0PTCZQH0BND4HWWKSG4DYCY"}}, {"model": "events.customer", "pk": "01H1QRGBS36QGGJD1E3QGH2XDR", "fields": {"created_at": "2023-05-31T01:59:35.971Z", "gender": 1, "age": 2, "date": "2022-10-22", "research": "01H0PTCZQH0BND4HWWKSG4DYCY"}}, {"model": "events.customer", "pk": "01H1QTC0NKPKCD39BJFZ4YECHC", "fields": {"created_at": "2023-05-31T02:32:10.677Z", "gender": 1, "age": 2, "date": "2022-10-22", "research": "01H0PTCZQH0BND4HWWKSG4DYCY"}}, {"model": "events.customer", "pk": "01H1R9EHKDKF6YS5BTH3WD7P6V", "fields": {"created_at": "2023-05-31T06:55:42.197Z", "gender": 1, "age": 2, "date": "2023-05-09", "research": "01H0PTCZQH0BND4HWWKSG4DYCY"}}, {"model": "events.customer", "pk": "01H1TK6J1K66XJ5DEE6FPAA5HP", "fields": {"created_at": "2023-06-01T04:24:35.124Z", "gender": 1, "age": 2, "date": "2023-05-09", "research": "01H0PTCZQH0BND4HWWKSG4DYCY"}}, {"model": "events.customer", "pk": "01H1TNYEY0YC5CGVP7NQDT2GGZ", "fields": {"created_at": "2023-06-01T05:12:35.520Z", "gender": 1, "age": 2, "date": "2023-05-09", "research": "01H0PTCZQH0BND4HWWKSG4DYCY"}}, {"model": "events.customer", "pk": "01H1V0HM4F7VS14DW19YNN0VW3", "fields": {"created_at": "2023-06-01T08:17:49.200Z", "gender": 1, "age": 2, "date": "2023-05-09", "research": "01H0PTCZQH0BND4HWWKSG4DYCY"}}, {"model": "events.customer", "pk": "01H1V13DC3KZFV901YNS8AXAZW", "fields": {"created_at": "2023-06-01T08:27:32.100Z", "gender": 1, "age": 2, "date": "2023-05-09", "research": "01H0PTCZQH0BND4HWWKSG4DYCY"}}, {"model": "events.customer", "pk": "01H1V1750TFP81YCZC1KH49Z5W", "fields": {"created_at": "2023-06-01T08:29:34.618Z", "gender": 1, "age": 2, "date": "2023-05-09", "research": "01H0PTCZQH0BND4HWWKSG4DYCY"}}, {"model": "events.customer", "pk": "01H1V2732JEYVTCHER7CSF306F", "fields": {"created_at": "2023-06-01T08:47:01.203Z", "gender": 1, "age": 2, "date": "2022-10-18", "research": "01H0PTCZQH0BND4HWWKSG4DYCY"}}, {"model": "events.customer", "pk": "01H1V296MDK4EKZ886QQ3B8EQK", "fields": {"created_at": "2023-06-01T08:48:10.381Z", "gender": 1, "age": 2, "date": "2022-10-18", "research": "01H0PTCZQH0BND4HWWKSG4DYCY"}}, {"model": "events.customer", "pk": "01H1V2G08J8E7C5Y8Z9Q253C6W", "fields": {"created_at": "2023-06-01T08:51:53.235Z", "gender": 1, "age": 2, "date": "2022-10-18", "research": "01H0PTCZQH0BND4HWWKSG4DYCY"}}, {"model": "events.customer", "pk": "01H1V2NA8V6Z3FSV14VDM16TEQ", "fields": {"created_at": "2023-06-01T08:54:47.324Z", "gender": 1, "age": 2, "date": "2022-10-24", "research": "01H0PTCZQH0BND4HWWKSG4DYCY"}}, {"model": "events.customer", "pk": "01H1V2V34H9HVYFJ752W3D9SB5", "fields": {"created_at": "2023-06-01T08:57:56.626Z", "gender": 1, "age": 2, "date": "2022-10-15", "research": "01H0PTCZQH0BND4HWWKSG4DYCY"}}, {"model": "events.customer", "pk": "01H1V3EB28Y95KJSPVB5P7W001", "fields": {"created_at": "2023-06-01T09:08:27.337Z", "gender": 1, "age": 2, "date": "2022-10-18", "research": "01H0PTCZQH0BND4HWWKSG4DYCY"}}, {"model": "events.customer", "pk": "01H1V3H11TFPNM5515V3SZRH4P", "fields": {"created_at": "2023-06-01T09:09:55.387Z", "gender": 1, "age": 2, "date": "2022-10-15", "research": "01H0PTCZQH0BND4HWWKSG4DYCY"}}, {"model": "events.customer", "pk": "01H1V3KMPCMW0QN05404PF65XG", "fields": {"created_at": "2023-06-01T09:11:21.037Z", "gender": 1, "age": 2, "date": "2022-10-15", "research": "01H0PTCZQH0BND4HWWKSG4DYCY"}}, {"model": "events.customer", "pk": "01H1V3X1EHGN2A6B455AVF8D9T", "fields": {"created_at": "2023-06-01T09:16:29.009Z", "gender": 1, "age": 2, "date": "2022-10-09", "research": "01H0PTCZQH0BND4HWWKSG4DYCY"}}, {"model": "events.customer", "pk": "01H1V3Y3XDJPFS6DCC6P6ZV8A1", "fields": {"created_at": "2023-06-01T09:17:04.302Z", "gender": 1, "age": 2, "date": "2022-10-09", "research": "01H0PTCZQH0BND4HWWKSG4DYCY"}}, {"model": "events.customer", "pk": "01H1V40BWKVWSVYN09AD0BSDAA", "fields": {"created_at": "2023-06-01T09:18:18.004Z", "gender": 1, "age": 2, "date": "2022-10-09", "research": "01H0PTCZQH0BND4HWWKSG4DYCY"}}, {"model": "events.customer", "pk": "01H1V4DV0XBD94ZYFEDD8BQJ9R", "fields": {"created_at": "2023-06-01T09:25:39.486Z", "gender": 1, "age": 2, "date": "2022-10-15", "research": "01H0PTCZQH0BND4HWWKSG4DYCY"}}, {"model": "events.customer", "pk": "01H1WSW1X31XBMS3F7GG70FJ38", "fields": {"created_at": "2023-06-02T00:59:39.811Z", "gender": 1, "age": 2, "date": "2022-10-21", "research": "01H0PTCZQH0BND4HWWKSG4DYCY"}}, {"model": "events.customer", "pk": "01H1WSXCQGXX2XQYVMRP0HRASJ", "fields": {"created_at": "2023-06-02T01:00:23.664Z", "gender": 1, "age": 2, "date": "2022-10-21", "research": "01H0PTCZQH0BND4HWWKSG4DYCY"}}, {"model": "events.customer", "pk": "01H1WSZ10JPVMGE62NY7NFAMNS", "fields": {"created_at": "2023-06-02T01:01:17.203Z", "gender": 1, "age": 2, "date": "2022-10-21", "research": "01H0PTCZQH0BND4HWWKSG4DYCY"}}, {"model": "events.customer", "pk": "01H1WV4KNXWJE5K8RC8XRZXDVB", "fields": {"created_at": "2023-06-02T01:21:48.734Z", "gender": 1, "age": 2, "date": "2022-10-13", "research": "01H0PTCZQH0BND4HWWKSG4DYCY"}}, {"model": "events.customer", "pk": "01H1WV6A5C55V51RSRTS2AJGZQ", "fields": {"created_at": "2023-06-02T01:22:44.525Z", "gender": 1, "age": 2, "date": "2022-10-13", "research": "01H0PTCZQH0BND4HWWKSG4DYCY"}}, {"model": "events.customer", "pk": "01H1WVGT3PC5FHPM729EWHDX1Z", "fields": {"created_at": "2023-06-02T01:28:28.534Z", "gender": 1, "age": 2, "date": "2022-10-13", "research": "01H0PTCZQH0BND4HWWKSG4DYCY"}}, {"model": "events.customer", "pk": "01H1WVHS2X96CG6GV2ARP5HPGE", "fields": {"created_at": "2023-06-02T01:29:00.254Z", "gender": 1, "age": 2, "date": "2022-10-13", "research": "01H0PTCZQH0BND4HWWKSG4DYCY"}}, {"model": "events.frameevent", "pk": 1, "fields": {"created_at": "2023-05-30T01:20:35.550Z", "customer": "01H1N3VY207SEDK4PNPM871Q3S", "in_time": "14:00:05.200", "out_time": "14:01:02.400"}}, {"model": "events.frameevent", "pk": 2, "fields": {"created_at": "2023-05-30T01:30:27.353Z", "customer": "01H1N4DRCD4V02MM0GE9JRRYV4", "in_time": "14:00:05.200", "out_time": "14:01:02.400"}}, {"model": "events.frameevent", "pk": 3, "fields": {"created_at": "2023-06-01T08:47:01.210Z", "customer": "01H1V2732JEYVTCHER7CSF306F", "in_time": "14:00:05.200", "out_time": "14:01:02.400"}}, {"model": "events.frameevent", "pk": 4, "fields": {"created_at": "2023-06-01T09:08:27.342Z", "customer": "01H1V3EB28Y95KJSPVB5P7W001", "in_time": "18:00:05.200", "out_time": "19:01:02.400"}}, {"model": "events.frameevent", "pk": 5, "fields": {"created_at": "2023-06-01T09:16:29.013Z", "customer": "01H1V3X1EHGN2A6B455AVF8D9T", "in_time": "10:31:05.200", "out_time": "10:33:02.400"}}, {"model": "events.frameevent", "pk": 6, "fields": {"created_at": "2023-06-01T09:17:04.305Z", "customer": "01H1V3Y3XDJPFS6DCC6P6ZV8A1", "in_time": "12:45:05.200", "out_time": "10:48:02.400"}}, {"model": "events.frameevent", "pk": 7, "fields": {"created_at": "2023-06-02T00:59:39.821Z", "customer": "01H1WSW1X31XBMS3F7GG70FJ38", "in_time": "12:10:05.200", "out_time": "12:14:02.400"}}, {"model": "events.frameevent", "pk": 8, "fields": {"created_at": "2023-06-02T01:21:48.738Z", "customer": "01H1WV4KNXWJE5K8RC8XRZXDVB", "in_time": "20:55:05.200", "out_time": "20:59:02.400"}}, {"model": "events.frameevent", "pk": 9, "fields": {"created_at": "2023-06-02T01:28:28.554Z", "customer": "01H1WVGT3PC5FHPM729EWHDX1Z", "in_time": "21:09:05.200", "out_time": "21:10:02.400"}}, {"model": "events.areaevent", "pk": 12, "fields": {"created_at": "2023-06-01T08:12:25.180Z", "customer": "01H1TNYEY0YC5CGVP7NQDT2GGZ", "area": "01H1V05AFY8T7GVT26JB1Z99H5", "in_time": "14:00:05.200", "out_time": "14:01:02.400"}}, {"model": "events.areaevent", "pk": 13, "fields": {"created_at": "2023-06-01T08:29:19.333Z", "customer": "01H1V13DC3KZFV901YNS8AXAZW", "area": "01H1V05AFY8T7GVT26JB1Z99H5", "in_time": "14:00:05.200", "out_time": "14:01:02.400"}}, {"model": "events.areaevent", "pk": 14, "fields": {"created_at": "2023-06-01T08:51:16.128Z", "customer": "01H1V296MDK4EKZ886QQ3B8EQK", "area": "01H1V2D7XJFG9DAZ1DSCSWST6A", "in_time": "14:00:05.200", "out_time": "14:01:02.400"}}, {"model": "events.areaevent", "pk": 15, "fields": {"created_at": "2023-06-01T09:10:44.361Z", "customer": "01H1V3H11TFPNM5515V3SZRH4P", "area": "01H1V3HHC8HHPW0ND1GHDHEJK3", "in_time": "14:00:05.200", "out_time": "14:01:02.400"}}, {"model": "events.areaevent", "pk": 16, "fields": {"created_at": "2023-06-01T09:18:29.220Z", "customer": "01H1V40BWKVWSVYN09AD0BSDAA", "area": "01H1V05AFY8T7GVT26JB1Z99H5", "in_time": "12:45:05.200", "out_time": "12:48:02.400"}}, {"model": "events.areaevent", "pk": 17, "fields": {"created_at": "2023-06-01T09:19:00.662Z", "customer": "01H1V40BWKVWSVYN09AD0BSDAA", "area": "01H1V05AFY8T7GVT26JB1Z99H5", "in_time": "10:31:05.200", "out_time": "10:33:02.400"}}, {"model": "events.areaevent", "pk": 18, "fields": {"created_at": "2023-06-02T01:00:36.502Z", "customer": "01H1WSXCQGXX2XQYVMRP0HRASJ", "area": "01H1V05AFY8T7GVT26JB1Z99H5", "in_time": "12:10:05.200", "out_time": "12:14:02.400"}}, {"model": "events.areaevent", "pk": 20, "fields": {"created_at": "2023-06-02T01:23:52.386Z", "customer": "01H1WV6A5C55V51RSRTS2AJGZQ", "area": "01H1V05AFY8T7GVT26JB1Z99H5", "in_time": "20:55:05.200", "out_time": "20:59:02.400"}}, {"model": "events.areaevent", "pk": 22, "fields": {"created_at": "2023-06-02T01:31:30.643Z", "customer": "01H1WVHS2X96CG6GV2ARP5HPGE", "area": "01H1V05AFY8T7GVT26JB1Z99H5", "in_time": "21:09:05.200", "out_time": "21:10:02.400"}}, {"model": "events.productevent", "pk": 8, "fields": {"created_at": "2023-06-01T08:33:25.775Z", "customer": "01H1V1750TFP81YCZC1KH49Z5W", "allocation": "01H1V1AH77TCHP8SH7TFZHPR3B", "touch_time": "14:00:05.200", "buy_flag": false}}, {"model": "events.productevent", "pk": 9, "fields": {"created_at": "2023-06-01T08:52:44.010Z", "customer": "01H1V2G08J8E7C5Y8Z9Q253C6W", "allocation": "01H1V2G9SV8N1SJQ86G5EYZDYD", "touch_time": "14:00:05.200", "buy_flag": false}}, {"model": "events.productevent", "pk": 10, "fields": {"created_at": "2023-06-01T08:54:17.361Z", "customer": "01H1V2G08J8E7C5Y8Z9Q253C6W", "allocation": "01H1V2KJMSN6R2H0463Z5SE1B9", "touch_time": "14:00:05.200", "buy_flag": false}}, {"model": "events.productevent", "pk": 11, "fields": {"created_at": "2023-06-01T08:54:47.348Z", "customer": "01H1V2NA8V6Z3FSV14VDM16TEQ", "allocation": "01H1V2KJMSN6R2H0463Z5SE1B9", "touch_time": "14:00:05.200", "buy_flag": false}}, {"model": "events.productevent", "pk": 12, "fields": {"created_at": "2023-06-01T08:57:56.635Z", "customer": "01H1V2V34H9HVYFJ752W3D9SB5", "allocation": "01H1V2KJMSN6R2H0463Z5SE1B9", "touch_time": "14:00:05.200", "buy_flag": true}}, {"model": "events.productevent", "pk": 13, "fields": {"created_at": "2023-06-01T09:12:15.160Z", "customer": "01H1V3KMPCMW0QN05404PF65XG", "allocation": "01H1V3KMQ1V5RRMTS6N5N1KCV6", "touch_time": "15:00:05.200", "buy_flag": true}}, {"model": "events.productevent", "pk": 14, "fields": {"created_at": "2023-06-01T09:26:25.759Z", "customer": "01H1V4DV0XBD94ZYFEDD8BQJ9R", "allocation": "01H1V4DV1G7VWV8ESAXA8YS1YA", "touch_time": "12:46:05.200", "buy_flag": true}}, {"model": "events.productevent", "pk": 15, "fields": {"created_at": "2023-06-01T09:26:45.336Z", "customer": "01H1V4DV0XBD94ZYFEDD8BQJ9R", "allocation": "01H1V4DV1G7VWV8ESAXA8YS1YA", "touch_time": "12:47:05.200", "buy_flag": true}}, {"model": "events.productevent", "pk": 16, "fields": {"created_at": "2023-06-01T09:27:13.116Z", "customer": "01H1V4DV0XBD94ZYFEDD8BQJ9R", "allocation": "01H1V4DV1G7VWV8ESAXA8YS1YA", "touch_time": "10:33:05.200", "buy_flag": false}}, {"model": "events.productevent", "pk": 17, "fields": {"created_at": "2023-06-02T01:01:17.214Z", "customer": "01H1WSZ10JPVMGE62NY7NFAMNS", "allocation": "01H1V4DV1G7VWV8ESAXA8YS1YA", "touch_time": "12:13:05.200", "buy_flag": false}}, {"model": "events.productevent", "pk": 18, "fields": {"created_at": "2023-06-02T01:02:28.203Z", "customer": "01H1WSZ10JPVMGE62NY7NFAMNS", "allocation": "01H1WT06CWPQBN4P7MXJCNSM52", "touch_time": "12:13:05.200", "buy_flag": true}}]
